{"packages/cupertino_icons/assets/CupertinoIcons.ttf":["packages/cupertino_icons/assets/CupertinoIcons.ttf"],"packages/flutter_inappwebview/t_rex_runner/t-rex.css":["packages/flutter_inappwebview/t_rex_runner/t-rex.css"],"packages/flutter_inappwebview/t_rex_runner/t-rex.html":["packages/flutter_inappwebview/t_rex_runner/t-rex.html"],"packages/flutter_math_fork/lib/katex_fonts/fonts/KaTeX_AMS-Regular.ttf":["packages/flutter_math_fork/lib/katex_fonts/fonts/KaTeX_AMS-Regular.ttf"],"packages/flutter_math_fork/lib/katex_fonts/fonts/KaTeX_Caligraphic-Bold.ttf":["packages/flutter_math_fork/lib/katex_fonts/fonts/KaTeX_Caligraphic-Bold.ttf"],"packages/flutter_math_fork/lib/katex_fonts/fonts/KaTeX_Caligraphic-Regular.ttf":["packages/flutter_math_fork/lib/katex_fonts/fonts/KaTeX_Caligraphic-Regular.ttf"],"packages/flutter_math_fork/lib/katex_fonts/fonts/KaTeX_Fraktur-Bold.ttf":["packages/flutter_math_fork/lib/katex_fonts/fonts/KaTeX_Fraktur-Bold.ttf"],"packages/flutter_math_fork/lib/katex_fonts/fonts/KaTeX_Fraktur-Regular.ttf":["packages/flutter_math_fork/lib/katex_fonts/fonts/KaTeX_Fraktur-Regular.ttf"],"packages/flutter_math_fork/lib/katex_fonts/fonts/KaTeX_Main-Bold.ttf":["packages/flutter_math_fork/lib/katex_fonts/fonts/KaTeX_Main-Bold.ttf"],"packages/flutter_math_fork/lib/katex_fonts/fonts/KaTeX_Main-BoldItalic.ttf":["packages/flutter_math_fork/lib/katex_fonts/fonts/KaTeX_Main-BoldItalic.ttf"],"packages/flutter_math_fork/lib/katex_fonts/fonts/KaTeX_Main-Italic.ttf":["packages/flutter_math_fork/lib/katex_fonts/fonts/KaTeX_Main-Italic.ttf"],"packages/flutter_math_fork/lib/katex_fonts/fonts/KaTeX_Main-Regular.ttf":["packages/flutter_math_fork/lib/katex_fonts/fonts/KaTeX_Main-Regular.ttf"],"packages/flutter_math_fork/lib/katex_fonts/fonts/KaTeX_Math-BoldItalic.ttf":["packages/flutter_math_fork/lib/katex_fonts/fonts/KaTeX_Math-BoldItalic.ttf"],"packages/flutter_math_fork/lib/katex_fonts/fonts/KaTeX_Math-Italic.ttf":["packages/flutter_math_fork/lib/katex_fonts/fonts/KaTeX_Math-Italic.ttf"],"packages/flutter_math_fork/lib/katex_fonts/fonts/KaTeX_SansSerif-Bold.ttf":["packages/flutter_math_fork/lib/katex_fonts/fonts/KaTeX_SansSerif-Bold.ttf"],"packages/flutter_math_fork/lib/katex_fonts/fonts/KaTeX_SansSerif-Italic.ttf":["packages/flutter_math_fork/lib/katex_fonts/fonts/KaTeX_SansSerif-Italic.ttf"],"packages/flutter_math_fork/lib/katex_fonts/fonts/KaTeX_SansSerif-Regular.ttf":["packages/flutter_math_fork/lib/katex_fonts/fonts/KaTeX_SansSerif-Regular.ttf"],"packages/flutter_math_fork/lib/katex_fonts/fonts/KaTeX_Script-Regular.ttf":["packages/flutter_math_fork/lib/katex_fonts/fonts/KaTeX_Script-Regular.ttf"],"packages/flutter_math_fork/lib/katex_fonts/fonts/KaTeX_Size1-Regular.ttf":["packages/flutter_math_fork/lib/katex_fonts/fonts/KaTeX_Size1-Regular.ttf"],"packages/flutter_math_fork/lib/katex_fonts/fonts/KaTeX_Size2-Regular.ttf":["packages/flutter_math_fork/lib/katex_fonts/fonts/KaTeX_Size2-Regular.ttf"],"packages/flutter_math_fork/lib/katex_fonts/fonts/KaTeX_Size3-Regular.ttf":["packages/flutter_math_fork/lib/katex_fonts/fonts/KaTeX_Size3-Regular.ttf"],"packages/flutter_math_fork/lib/katex_fonts/fonts/KaTeX_Size4-Regular.ttf":["packages/flutter_math_fork/lib/katex_fonts/fonts/KaTeX_Size4-Regular.ttf"],"packages/flutter_math_fork/lib/katex_fonts/fonts/KaTeX_Typewriter-Regular.ttf":["packages/flutter_math_fork/lib/katex_fonts/fonts/KaTeX_Typewriter-Regular.ttf"],"packages/fluttertoast/assets/toastify.css":["packages/fluttertoast/assets/toastify.css"],"packages/fluttertoast/assets/toastify.js":["packages/fluttertoast/assets/toastify.js"],"packages/sharpsell/assets/analytics_dashboard/target.svg":["packages/sharpsell/assets/analytics_dashboard/target.svg"],"packages/sharpsell/assets/analytics_dashboard/trend.svg":["packages/sharpsell/assets/analytics_dashboard/trend.svg"],"packages/sharpsell/assets/animations/completed_with_without_score.riv":["packages/sharpsell/assets/animations/completed_with_without_score.riv"],"packages/sharpsell/assets/animations/option_correct.riv":["packages/sharpsell/assets/animations/option_correct.riv"],"packages/sharpsell/assets/animations/option_wrong.riv":["packages/sharpsell/assets/animations/option_wrong.riv"],"packages/sharpsell/assets/animations/pass_and_completed_background.riv":["packages/sharpsell/assets/animations/pass_and_completed_background.riv"],"packages/sharpsell/assets/animations/pass_completed_background.riv":["packages/sharpsell/assets/animations/pass_completed_background.riv"],"packages/sharpsell/assets/animations/pass_icon.riv":["packages/sharpsell/assets/animations/pass_icon.riv"],"packages/sharpsell/assets/company_specific_images/bob_bg.png":["packages/sharpsell/assets/company_specific_images/bob_bg.png"],"packages/sharpsell/assets/company_specific_images/bob_logo.png":["packages/sharpsell/assets/company_specific_images/bob_logo.png"],"packages/sharpsell/assets/company_specific_images/login_bg.png":["packages/sharpsell/assets/company_specific_images/login_bg.png"],"packages/sharpsell/assets/company_specific_images/splash_bg.png":["packages/sharpsell/assets/company_specific_images/splash_bg.png"],"packages/sharpsell/assets/configurable_icons/ic_dvc.svg":["packages/sharpsell/assets/configurable_icons/ic_dvc.svg"],"packages/sharpsell/assets/configurable_icons/ic_filter.svg":["packages/sharpsell/assets/configurable_icons/ic_filter.svg"],"packages/sharpsell/assets/configurable_icons/ic_go_back.svg":["packages/sharpsell/assets/configurable_icons/ic_go_back.svg"],"packages/sharpsell/assets/configurable_icons/ic_launchpad.svg":["packages/sharpsell/assets/configurable_icons/ic_launchpad.svg"],"packages/sharpsell/assets/configurable_icons/ic_marketing_collateral.svg":["packages/sharpsell/assets/configurable_icons/ic_marketing_collateral.svg"],"packages/sharpsell/assets/configurable_icons/ic_potd.svg":["packages/sharpsell/assets/configurable_icons/ic_potd.svg"],"packages/sharpsell/assets/configurable_icons/ic_product_presentation.svg":["packages/sharpsell/assets/configurable_icons/ic_product_presentation.svg"],"packages/sharpsell/assets/configurable_icons/ic_profile.svg":["packages/sharpsell/assets/configurable_icons/ic_profile.svg"],"packages/sharpsell/assets/configurable_icons/ic_quick_links.svg":["packages/sharpsell/assets/configurable_icons/ic_quick_links.svg"],"packages/sharpsell/assets/configurable_icons/ic_search.svg":["packages/sharpsell/assets/configurable_icons/ic_search.svg"],"packages/sharpsell/assets/configurable_icons/ic_share.svg":["packages/sharpsell/assets/configurable_icons/ic_share.svg"],"packages/sharpsell/assets/configurable_icons/ic_sync.svg":["packages/sharpsell/assets/configurable_icons/ic_sync.svg"],"packages/sharpsell/assets/configurable_icons/ic_timer_challenge.svg":["packages/sharpsell/assets/configurable_icons/ic_timer_challenge.svg"],"packages/sharpsell/assets/exide/exide_bg.png":["packages/sharpsell/assets/exide/exide_bg.png"],"packages/sharpsell/assets/fonts/primary/primary-bold.ttf":["packages/sharpsell/assets/fonts/primary/primary-bold.ttf"],"packages/sharpsell/assets/fonts/primary/primary-regular.ttf":["packages/sharpsell/assets/fonts/primary/primary-regular.ttf"],"packages/sharpsell/assets/fonts/secondary/secondary-bold.ttf":["packages/sharpsell/assets/fonts/secondary/secondary-bold.ttf"],"packages/sharpsell/assets/fonts/secondary/secondary-regular.ttf":["packages/sharpsell/assets/fonts/secondary/secondary-regular.ttf"],"packages/sharpsell/assets/images/ic_back.svg":["packages/sharpsell/assets/images/ic_back.svg"],"packages/sharpsell/assets/images/ic_camera.svg":["packages/sharpsell/assets/images/ic_camera.svg"],"packages/sharpsell/assets/images/ic_caution.png":["packages/sharpsell/assets/images/ic_caution.png"],"packages/sharpsell/assets/images/ic_certificate.svg":["packages/sharpsell/assets/images/ic_certificate.svg"],"packages/sharpsell/assets/images/ic_close.svg":["packages/sharpsell/assets/images/ic_close.svg"],"packages/sharpsell/assets/images/ic_completed.svg":["packages/sharpsell/assets/images/ic_completed.svg"],"packages/sharpsell/assets/images/ic_delete.svg":["packages/sharpsell/assets/images/ic_delete.svg"],"packages/sharpsell/assets/images/ic_download.svg":["packages/sharpsell/assets/images/ic_download.svg"],"packages/sharpsell/assets/images/ic_download_complete.svg":["packages/sharpsell/assets/images/ic_download_complete.svg"],"packages/sharpsell/assets/images/ic_drop_down_arrow.svg":["packages/sharpsell/assets/images/ic_drop_down_arrow.svg"],"packages/sharpsell/assets/images/ic_earned_certificate.svg":["packages/sharpsell/assets/images/ic_earned_certificate.svg"],"packages/sharpsell/assets/images/ic_edit.png":["packages/sharpsell/assets/images/ic_edit.png"],"packages/sharpsell/assets/images/ic_email.svg":["packages/sharpsell/assets/images/ic_email.svg"],"packages/sharpsell/assets/images/ic_failed.svg":["packages/sharpsell/assets/images/ic_failed.svg"],"packages/sharpsell/assets/images/ic_fullscreen.svg":["packages/sharpsell/assets/images/ic_fullscreen.svg"],"packages/sharpsell/assets/images/ic_gallery.svg":["packages/sharpsell/assets/images/ic_gallery.svg"],"packages/sharpsell/assets/images/ic_launchpad_close.svg":["packages/sharpsell/assets/images/ic_launchpad_close.svg"],"packages/sharpsell/assets/images/ic_launchpad_pause.svg":["packages/sharpsell/assets/images/ic_launchpad_pause.svg"],"packages/sharpsell/assets/images/ic_launchpad_play.svg":["packages/sharpsell/assets/images/ic_launchpad_play.svg"],"packages/sharpsell/assets/images/ic_launchpad_share.svg":["packages/sharpsell/assets/images/ic_launchpad_share.svg"],"packages/sharpsell/assets/images/ic_launchpad_weblink.svg":["packages/sharpsell/assets/images/ic_launchpad_weblink.svg"],"packages/sharpsell/assets/images/ic_logout.svg":["packages/sharpsell/assets/images/ic_logout.svg"],"packages/sharpsell/assets/images/ic_next.svg":["packages/sharpsell/assets/images/ic_next.svg"],"packages/sharpsell/assets/images/ic_oh_snap.svg":["packages/sharpsell/assets/images/ic_oh_snap.svg"],"packages/sharpsell/assets/images/ic_padlock.svg":["packages/sharpsell/assets/images/ic_padlock.svg"],"packages/sharpsell/assets/images/ic_pdf_big.svg":["packages/sharpsell/assets/images/ic_pdf_big.svg"],"packages/sharpsell/assets/images/ic_phone.svg":["packages/sharpsell/assets/images/ic_phone.svg"],"packages/sharpsell/assets/images/ic_play.svg":["packages/sharpsell/assets/images/ic_play.svg"],"packages/sharpsell/assets/images/ic_privacy_policy.svg":["packages/sharpsell/assets/images/ic_privacy_policy.svg"],"packages/sharpsell/assets/images/ic_profile_pic_default.svg":["packages/sharpsell/assets/images/ic_profile_pic_default.svg"],"packages/sharpsell/assets/images/ic_quick_link_1.png":["packages/sharpsell/assets/images/ic_quick_link_1.png"],"packages/sharpsell/assets/images/ic_quick_link_2.png":["packages/sharpsell/assets/images/ic_quick_link_2.png"],"packages/sharpsell/assets/images/ic_quick_link_3.png":["packages/sharpsell/assets/images/ic_quick_link_3.png"],"packages/sharpsell/assets/images/ic_quiz_coin.svg":["packages/sharpsell/assets/images/ic_quiz_coin.svg"],"packages/sharpsell/assets/images/ic_refresh_new.svg":["packages/sharpsell/assets/images/ic_refresh_new.svg"],"packages/sharpsell/assets/images/ic_signature_details.svg":["packages/sharpsell/assets/images/ic_signature_details.svg"],"packages/sharpsell/assets/images/ic_star.svg":["packages/sharpsell/assets/images/ic_star.svg"],"packages/sharpsell/assets/images/ic_sync.svg":["packages/sharpsell/assets/images/ic_sync.svg"],"packages/sharpsell/assets/images/ic_translation.svg":["packages/sharpsell/assets/images/ic_translation.svg"],"packages/sharpsell/assets/images/ic_verified.png":["packages/sharpsell/assets/images/ic_verified.png"],"packages/sharpsell/assets/images/ic_warning.svg":["packages/sharpsell/assets/images/ic_warning.svg"],"packages/sharpsell/assets/images/ic_whatsapp.png":["packages/sharpsell/assets/images/ic_whatsapp.png"],"packages/sharpsell/assets/images/smartsell_no_card_added.svg":["packages/sharpsell/assets/images/smartsell_no_card_added.svg"],"packages/sharpsell/assets/images/smartsell_no_content_added.svg":["packages/sharpsell/assets/images/smartsell_no_content_added.svg"],"packages/sharpsell/assets/images/smartsell_no_search_result.svg":["packages/sharpsell/assets/images/smartsell_no_search_result.svg"],"packages/sharpsell/assets/images/ss_content_placeholder.png":["packages/sharpsell/assets/images/ss_content_placeholder.png"],"packages/sharpsell/assets/images/ss_ic_insert_photo_black_24dp.png":["packages/sharpsell/assets/images/ss_ic_insert_photo_black_24dp.png"],"packages/sharpsell/assets/leadgen/images/background_image.png":["packages/sharpsell/assets/leadgen/images/background_image.png"],"packages/sharpsell/assets/leadgen/images/ic_back_arrow.svg":["packages/sharpsell/assets/leadgen/images/ic_back_arrow.svg"],"packages/sharpsell/assets/leadgen/images/ic_back_new.png":["packages/sharpsell/assets/leadgen/images/ic_back_new.png"],"packages/sharpsell/assets/leadgen/images/ic_call.png":["packages/sharpsell/assets/leadgen/images/ic_call.png"],"packages/sharpsell/assets/leadgen/images/ic_call.svg":["packages/sharpsell/assets/leadgen/images/ic_call.svg"],"packages/sharpsell/assets/leadgen/images/ic_campaign.png":["packages/sharpsell/assets/leadgen/images/ic_campaign.png"],"packages/sharpsell/assets/leadgen/images/ic_child_future.png":["packages/sharpsell/assets/leadgen/images/ic_child_future.png"],"packages/sharpsell/assets/leadgen/images/ic_child_future.svg":["packages/sharpsell/assets/leadgen/images/ic_child_future.svg"],"packages/sharpsell/assets/leadgen/images/ic_child_future_banner.png":["packages/sharpsell/assets/leadgen/images/ic_child_future_banner.png"],"packages/sharpsell/assets/leadgen/images/ic_contact_new.png":["packages/sharpsell/assets/leadgen/images/ic_contact_new.png"],"packages/sharpsell/assets/leadgen/images/ic_content_placeholder.png":["packages/sharpsell/assets/leadgen/images/ic_content_placeholder.png"],"packages/sharpsell/assets/leadgen/images/ic_continue_subtopic_arrow.svg":["packages/sharpsell/assets/leadgen/images/ic_continue_subtopic_arrow.svg"],"packages/sharpsell/assets/leadgen/images/ic_dialog.png":["packages/sharpsell/assets/leadgen/images/ic_dialog.png"],"packages/sharpsell/assets/leadgen/images/ic_dog.png":["packages/sharpsell/assets/leadgen/images/ic_dog.png"],"packages/sharpsell/assets/leadgen/images/ic_edit.svg":["packages/sharpsell/assets/leadgen/images/ic_edit.svg"],"packages/sharpsell/assets/leadgen/images/ic_fb.png":["packages/sharpsell/assets/leadgen/images/ic_fb.png"],"packages/sharpsell/assets/leadgen/images/ic_financial_health_index.png":["packages/sharpsell/assets/leadgen/images/ic_financial_health_index.png"],"packages/sharpsell/assets/leadgen/images/ic_financial_health_index.svg":["packages/sharpsell/assets/leadgen/images/ic_financial_health_index.svg"],"packages/sharpsell/assets/leadgen/images/ic_financial_protection.png":["packages/sharpsell/assets/leadgen/images/ic_financial_protection.png"],"packages/sharpsell/assets/leadgen/images/ic_financial_protection.svg":["packages/sharpsell/assets/leadgen/images/ic_financial_protection.svg"],"packages/sharpsell/assets/leadgen/images/ic_gift_500.svg":["packages/sharpsell/assets/leadgen/images/ic_gift_500.svg"],"packages/sharpsell/assets/leadgen/images/ic_health_cover_planning.png":["packages/sharpsell/assets/leadgen/images/ic_health_cover_planning.png"],"packages/sharpsell/assets/leadgen/images/ic_health_cover_planning.svg":["packages/sharpsell/assets/leadgen/images/ic_health_cover_planning.svg"],"packages/sharpsell/assets/leadgen/images/ic_help.png":["packages/sharpsell/assets/leadgen/images/ic_help.png"],"packages/sharpsell/assets/leadgen/images/ic_help.svg":["packages/sharpsell/assets/leadgen/images/ic_help.svg"],"packages/sharpsell/assets/leadgen/images/ic_info.png":["packages/sharpsell/assets/leadgen/images/ic_info.png"],"packages/sharpsell/assets/leadgen/images/ic_kotak_life.png":["packages/sharpsell/assets/leadgen/images/ic_kotak_life.png"],"packages/sharpsell/assets/leadgen/images/ic_left_arrow.png":["packages/sharpsell/assets/leadgen/images/ic_left_arrow.png"],"packages/sharpsell/assets/leadgen/images/ic_linkedin.png":["packages/sharpsell/assets/leadgen/images/ic_linkedin.png"],"packages/sharpsell/assets/leadgen/images/ic_mwpa.png":["packages/sharpsell/assets/leadgen/images/ic_mwpa.png"],"packages/sharpsell/assets/leadgen/images/ic_mwpa.svg":["packages/sharpsell/assets/leadgen/images/ic_mwpa.svg"],"packages/sharpsell/assets/leadgen/images/ic_name.svg":["packages/sharpsell/assets/leadgen/images/ic_name.svg"],"packages/sharpsell/assets/leadgen/images/ic_navigation.svg":["packages/sharpsell/assets/leadgen/images/ic_navigation.svg"],"packages/sharpsell/assets/leadgen/images/ic_navigation_logo.svg":["packages/sharpsell/assets/leadgen/images/ic_navigation_logo.svg"],"packages/sharpsell/assets/leadgen/images/ic_phone.svg":["packages/sharpsell/assets/leadgen/images/ic_phone.svg"],"packages/sharpsell/assets/leadgen/images/ic_placeholder.png":["packages/sharpsell/assets/leadgen/images/ic_placeholder.png"],"packages/sharpsell/assets/leadgen/images/ic_profile.svg":["packages/sharpsell/assets/leadgen/images/ic_profile.svg"],"packages/sharpsell/assets/leadgen/images/ic_referral_share.svg":["packages/sharpsell/assets/leadgen/images/ic_referral_share.svg"],"packages/sharpsell/assets/leadgen/images/ic_retirement.png":["packages/sharpsell/assets/leadgen/images/ic_retirement.png"],"packages/sharpsell/assets/leadgen/images/ic_retirement.svg":["packages/sharpsell/assets/leadgen/images/ic_retirement.svg"],"packages/sharpsell/assets/leadgen/images/ic_sad.png":["packages/sharpsell/assets/leadgen/images/ic_sad.png"],"packages/sharpsell/assets/leadgen/images/ic_search.svg":["packages/sharpsell/assets/leadgen/images/ic_search.svg"],"packages/sharpsell/assets/leadgen/images/ic_share.png":["packages/sharpsell/assets/leadgen/images/ic_share.png"],"packages/sharpsell/assets/leadgen/images/ic_share.svg":["packages/sharpsell/assets/leadgen/images/ic_share.svg"],"packages/sharpsell/assets/leadgen/images/ic_speaker.svg":["packages/sharpsell/assets/leadgen/images/ic_speaker.svg"],"packages/sharpsell/assets/leadgen/images/ic_speaker_new.png":["packages/sharpsell/assets/leadgen/images/ic_speaker_new.png"],"packages/sharpsell/assets/leadgen/images/ic_speaker_new.svg":["packages/sharpsell/assets/leadgen/images/ic_speaker_new.svg"],"packages/sharpsell/assets/leadgen/images/ic_sync.png":["packages/sharpsell/assets/leadgen/images/ic_sync.png"],"packages/sharpsell/assets/leadgen/images/ic_sync.svg":["packages/sharpsell/assets/leadgen/images/ic_sync.svg"],"packages/sharpsell/assets/leadgen/images/ic_tools.png":["packages/sharpsell/assets/leadgen/images/ic_tools.png"],"packages/sharpsell/assets/leadgen/images/ic_twitter.png":["packages/sharpsell/assets/leadgen/images/ic_twitter.png"],"packages/sharpsell/assets/leadgen/images/ic_whatsapp.png":["packages/sharpsell/assets/leadgen/images/ic_whatsapp.png"],"packages/sharpsell/assets/leadgen/images/ic_whatsapp.svg":["packages/sharpsell/assets/leadgen/images/ic_whatsapp.svg"],"packages/sharpsell/assets/leadgen/images/ic_whatsapp_2.png":["packages/sharpsell/assets/leadgen/images/ic_whatsapp_2.png"],"packages/sharpsell/assets/timer_challenge/animations/Bg_Loop.json":["packages/sharpsell/assets/timer_challenge/animations/Bg_Loop.json"],"packages/sharpsell/assets/timer_challenge/animations/astronout.riv":["packages/sharpsell/assets/timer_challenge/animations/astronout.riv"],"packages/sharpsell/assets/timer_challenge/animations/astronout2.riv":["packages/sharpsell/assets/timer_challenge/animations/astronout2.riv"],"packages/sharpsell/assets/timer_challenge/animations/countdown_bg.riv":["packages/sharpsell/assets/timer_challenge/animations/countdown_bg.riv"],"packages/sharpsell/assets/timer_challenge/animations/countdown_four.riv":["packages/sharpsell/assets/timer_challenge/animations/countdown_four.riv"],"packages/sharpsell/assets/timer_challenge/animations/countdown_three.riv":["packages/sharpsell/assets/timer_challenge/animations/countdown_three.riv"],"packages/sharpsell/assets/timer_challenge/animations/countdown_two.riv":["packages/sharpsell/assets/timer_challenge/animations/countdown_two.riv"],"packages/sharpsell/assets/timer_challenge/animations/rocket_hover.riv":["packages/sharpsell/assets/timer_challenge/animations/rocket_hover.riv"],"packages/sharpsell/assets/timer_challenge/animations/rocket_zoom_in.riv":["packages/sharpsell/assets/timer_challenge/animations/rocket_zoom_in.riv"],"packages/sharpsell/assets/timer_challenge/icons/calendar.png":["packages/sharpsell/assets/timer_challenge/icons/calendar.png"],"packages/sharpsell/assets/timer_challenge/icons/clock.png":["packages/sharpsell/assets/timer_challenge/icons/clock.png"],"packages/sharpsell/assets/timer_challenge/icons/close-button.png":["packages/sharpsell/assets/timer_challenge/icons/close-button.png"],"packages/sharpsell/assets/timer_challenge/icons/close_icon.png":["packages/sharpsell/assets/timer_challenge/icons/close_icon.png"],"packages/sharpsell/assets/timer_challenge/icons/coin.png":["packages/sharpsell/assets/timer_challenge/icons/coin.png"],"packages/sharpsell/assets/timer_challenge/icons/delete.png":["packages/sharpsell/assets/timer_challenge/icons/delete.png"],"packages/sharpsell/assets/timer_challenge/icons/duration.png":["packages/sharpsell/assets/timer_challenge/icons/duration.png"],"packages/sharpsell/assets/timer_challenge/icons/error-404.svg":["packages/sharpsell/assets/timer_challenge/icons/error-404.svg"],"packages/sharpsell/assets/timer_challenge/icons/fuel.png":["packages/sharpsell/assets/timer_challenge/icons/fuel.png"],"packages/sharpsell/assets/timer_challenge/icons/no_content.svg":["packages/sharpsell/assets/timer_challenge/icons/no_content.svg"],"packages/sharpsell/assets/timer_challenge/icons/no_content_added.svg":["packages/sharpsell/assets/timer_challenge/icons/no_content_added.svg"],"packages/sharpsell/assets/timer_challenge/icons/no_content_added_2.svg":["packages/sharpsell/assets/timer_challenge/icons/no_content_added_2.svg"],"packages/sharpsell/assets/timer_challenge/icons/questions.png":["packages/sharpsell/assets/timer_challenge/icons/questions.png"],"packages/sharpsell/assets/video_challenge/images/balloons.png":["packages/sharpsell/assets/video_challenge/images/balloons.png"],"packages/sharpsell/assets/video_challenge/images/climbing.png":["packages/sharpsell/assets/video_challenge/images/climbing.png"],"packages/sharpsell/assets/video_challenge/images/delete.png":["packages/sharpsell/assets/video_challenge/images/delete.png"],"packages/sharpsell/assets/video_challenge/images/expired_challenge_banners/vc_expired_challenge_banner_1.webp":["packages/sharpsell/assets/video_challenge/images/expired_challenge_banners/vc_expired_challenge_banner_1.webp"],"packages/sharpsell/assets/video_challenge/images/expired_challenge_banners/vc_expired_challenge_banner_2.webp":["packages/sharpsell/assets/video_challenge/images/expired_challenge_banners/vc_expired_challenge_banner_2.webp"],"packages/sharpsell/assets/video_challenge/images/expired_challenge_banners/vc_expired_challenge_banner_3.webp":["packages/sharpsell/assets/video_challenge/images/expired_challenge_banners/vc_expired_challenge_banner_3.webp"],"packages/sharpsell/assets/video_challenge/images/expired_challenge_banners/vc_expired_challenge_banner_4.webp":["packages/sharpsell/assets/video_challenge/images/expired_challenge_banners/vc_expired_challenge_banner_4.webp"],"packages/sharpsell/assets/video_challenge/images/expired_challenge_banners/vc_expired_challenge_banner_5.webp":["packages/sharpsell/assets/video_challenge/images/expired_challenge_banners/vc_expired_challenge_banner_5.webp"],"packages/sharpsell/assets/video_challenge/images/expired_challenge_banners/vc_expired_challenge_banner_6.webp":["packages/sharpsell/assets/video_challenge/images/expired_challenge_banners/vc_expired_challenge_banner_6.webp"],"packages/sharpsell/assets/video_challenge/images/group.png":["packages/sharpsell/assets/video_challenge/images/group.png"],"packages/sharpsell/assets/video_challenge/images/ic_caution.svg":["packages/sharpsell/assets/video_challenge/images/ic_caution.svg"],"packages/sharpsell/assets/video_challenge/images/ic_closed_quotes.png":["packages/sharpsell/assets/video_challenge/images/ic_closed_quotes.png"],"packages/sharpsell/assets/video_challenge/images/ic_quotes.png":["packages/sharpsell/assets/video_challenge/images/ic_quotes.png"],"packages/sharpsell/assets/video_challenge/images/ic_small_camera.svg":["packages/sharpsell/assets/video_challenge/images/ic_small_camera.svg"],"packages/sharpsell/assets/video_challenge/images/information.png":["packages/sharpsell/assets/video_challenge/images/information.png"],"packages/sharpsell/assets/video_challenge/images/lamp.png":["packages/sharpsell/assets/video_challenge/images/lamp.png"],"packages/sharpsell/assets/video_challenge/images/meter.png":["packages/sharpsell/assets/video_challenge/images/meter.png"],"packages/sharpsell/assets/video_challenge/images/open_challenge_banners/vc_open_challenge_banner_1.webp":["packages/sharpsell/assets/video_challenge/images/open_challenge_banners/vc_open_challenge_banner_1.webp"],"packages/sharpsell/assets/video_challenge/images/open_challenge_banners/vc_open_challenge_banner_2.webp":["packages/sharpsell/assets/video_challenge/images/open_challenge_banners/vc_open_challenge_banner_2.webp"],"packages/sharpsell/assets/video_challenge/images/open_challenge_banners/vc_open_challenge_banner_3.webp":["packages/sharpsell/assets/video_challenge/images/open_challenge_banners/vc_open_challenge_banner_3.webp"],"packages/sharpsell/assets/video_challenge/images/open_challenge_banners/vc_open_challenge_banner_4.webp":["packages/sharpsell/assets/video_challenge/images/open_challenge_banners/vc_open_challenge_banner_4.webp"],"packages/sharpsell/assets/video_challenge/images/open_challenge_banners/vc_open_challenge_banner_5.webp":["packages/sharpsell/assets/video_challenge/images/open_challenge_banners/vc_open_challenge_banner_5.webp"],"packages/sharpsell/assets/video_challenge/images/open_challenge_banners/vc_open_challenge_banner_6.webp":["packages/sharpsell/assets/video_challenge/images/open_challenge_banners/vc_open_challenge_banner_6.webp"],"packages/sharpsell/assets/video_challenge/images/open_challenge_banners/vc_open_challenge_banner_7.webp":["packages/sharpsell/assets/video_challenge/images/open_challenge_banners/vc_open_challenge_banner_7.webp"],"packages/sharpsell/assets/video_challenge/images/open_challenge_banners/vc_open_challenge_banner_8.webp":["packages/sharpsell/assets/video_challenge/images/open_challenge_banners/vc_open_challenge_banner_8.webp"],"packages/sharpsell/assets/video_challenge/images/open_challenge_banners/vc_open_challenge_banner_9.webp":["packages/sharpsell/assets/video_challenge/images/open_challenge_banners/vc_open_challenge_banner_9.webp"],"packages/sharpsell/assets/video_challenge/images/queue.png":["packages/sharpsell/assets/video_challenge/images/queue.png"],"packages/sharpsell/assets/video_challenge/images/talk.png":["packages/sharpsell/assets/video_challenge/images/talk.png"],"packages/sharpsell/assets/video_challenge/images/timer.png":["packages/sharpsell/assets/video_challenge/images/timer.png"],"packages/sharpsell/assets/video_challenge/images/timer2.png":["packages/sharpsell/assets/video_challenge/images/timer2.png"],"packages/sharpsell/assets/video_challenge/images/uploadStatus_bg.png":["packages/sharpsell/assets/video_challenge/images/uploadStatus_bg.png"],"packages/sharpsell/assets/video_challenge/images/upload_failed.png":["packages/sharpsell/assets/video_challenge/images/upload_failed.png"],"packages/sharpsell/assets/video_challenge/images/upload_success.png":["packages/sharpsell/assets/video_challenge/images/upload_success.png"],"packages/sharpsell/assets/video_challenge/images/vc_category_placeholder.svg":["packages/sharpsell/assets/video_challenge/images/vc_category_placeholder.svg"],"packages/sharpsell/assets/video_challenge/images/vc_expired_bird.webp":["packages/sharpsell/assets/video_challenge/images/vc_expired_bird.webp"],"packages/sharpsell/assets/video_challenge/images/vc_ic_camera_rotate.svg":["packages/sharpsell/assets/video_challenge/images/vc_ic_camera_rotate.svg"],"packages/sharpsell/assets/video_challenge/images/vc_ic_hourglass.svg":["packages/sharpsell/assets/video_challenge/images/vc_ic_hourglass.svg"],"packages/sharpsell/assets/video_challenge/images/vc_my_videos_bird.webp":["packages/sharpsell/assets/video_challenge/images/vc_my_videos_bird.webp"],"packages/sharpsell/assets/video_challenge/images/vc_open_videos_bird.webp":["packages/sharpsell/assets/video_challenge/images/vc_open_videos_bird.webp"],"packages/sharpsell/assets/video_challenge/images/vc_refresh.svg":["packages/sharpsell/assets/video_challenge/images/vc_refresh.svg"],"packages/sharpsell/assets/video_challenge/images/vc_star_empty_grey.svg":["packages/sharpsell/assets/video_challenge/images/vc_star_empty_grey.svg"],"packages/sharpsell/assets/video_challenge/images/vc_star_full_grey.svg":["packages/sharpsell/assets/video_challenge/images/vc_star_full_grey.svg"],"packages/sharpsell/assets/video_challenge/images/vc_star_full_yellow.svg":["packages/sharpsell/assets/video_challenge/images/vc_star_full_yellow.svg"],"packages/sharpsell/assets/video_challenge/images/vc_star_half_grey.svg":["packages/sharpsell/assets/video_challenge/images/vc_star_half_grey.svg"],"packages/sharpsell/assets/video_challenge/images/vc_star_half_yellow.svg":["packages/sharpsell/assets/video_challenge/images/vc_star_half_yellow.svg"],"packages/sharpsell/assets/video_challenge/images/vc_time_left.svg":["packages/sharpsell/assets/video_challenge/images/vc_time_left.svg"],"packages/sharpsell/assets/video_challenge/images/vc_video_card_bg_1.webp":["packages/sharpsell/assets/video_challenge/images/vc_video_card_bg_1.webp"],"packages/sharpsell/assets/video_challenge/videos/SampleVideo.mp4":["packages/sharpsell/assets/video_challenge/videos/SampleVideo.mp4"],"packages/wakelock_web/assets/no_sleep.js":["packages/wakelock_web/assets/no_sleep.js"],"packages/youtube_player_flutter/assets/speedometer.webp":["packages/youtube_player_flutter/assets/speedometer.webp"]}